{"rois": [[280.0, 605.0, 306.0, 618.0], [299.0, 951.0, 321.0, 966.0], [313.0, 127.0, 341.0, 147.0], [311.0, 109.0, 343.0, 130.0], [268.0, 1109.0, 284.0, 1123.0], [270.0, 829.0, 292.0, 843.0], [268.0, 819.0, 292.0, 833.0], [304.0, 794.0, 327.0, 805.0], [307.0, 780.0, 328.0, 795.0], [276.0, 830.0, 292.0, 839.0], [239.0, 720.0, 251.0, 728.0]], "class_names": ["3", "7", "7", "7", "5", "4", "7", "4", "9", "4", "0"], "scores": [0.9997692704200745, 0.9999123811721802, 0.9880238175392151, 0.9714245200157166, 0.8596148490905762, 0.9963990449905396, 0.9478951096534729, 0.9994699358940125, 0.9948902130126953, 0.9145949482917786, 0.9933894872665405]}