{"rois": [[116.0, 718.0, 143.0, 732.0], [118.0, 699.0, 145.0, 718.0], [268.0, 269.0, 300.0, 286.0], [420.0, 992.0, 454.0, 1009.0], [422.0, 1008.0, 455.0, 1027.0], [267.0, 1041.0, 300.0, 1064.0], [259.0, 1063.0, 295.0, 1079.0], [135.0, 139.0, 165.0, 158.0]], "class_names": ["6", "3", "2", "2", "9", "3", "9", "2"], "scores": [0.9416024088859558, 0.8662228584289551, 0.9974048733711243, 0.9553706645965576, 0.8924582004547119, 0.9995736479759216, 0.9750909805297852, 0.8710891008377075]}