{"rois": [[119.0, 568.0, 150.0, 593.0], [311.0, 386.0, 351.0, 419.0], [322.0, 400.0, 360.0, 436.0]], "class_names": ["3", "7", "4"], "scores": [0.9211456179618835, 0.9442956447601318, 0.8837946653366089]}