{"rois": [[528.0, 496.0, 563.0, 505.0], [531.0, 502.0, 560.0, 518.0], [107.0, 831.0, 125.0, 844.0], [104.0, 822.0, 123.0, 833.0], [161.0, 857.0, 180.0, 872.0], [166.0, 855.0, 182.0, 871.0]], "class_names": ["1", "8", "4", "2", "2", "5"], "scores": [0.9886659383773804, 0.8759784698486328, 0.9536320567131042, 0.9517783522605896, 0.9454477429389954, 0.8580860495567322]}