{"rois": [[299.0, 468.0, 317.0, 481.0], [297.0, 480.0, 316.0, 493.0], [276.0, 635.0, 297.0, 648.0], [276.0, 626.0, 295.0, 636.0], [307.0, 750.0, 324.0, 758.0], [304.0, 756.0, 321.0, 766.0], [523.0, 942.0, 546.0, 954.0], [93.0, 767.0, 111.0, 778.0]], "class_names": ["9", "2", "4", "7", "1", "5", "2", "7"], "scores": [0.9963490962982178, 0.9867952466011047, 0.9994418025016785, 0.9448482990264893, 0.997960090637207, 0.9949876070022583, 0.9643522500991821, 0.852432131767273]}