{"rois": [[601.0, 625.0, 621.0, 635.0], [252.0, 933.0, 268.0, 942.0], [251.0, 942.0, 266.0, 952.0], [269.0, 342.0, 293.0, 355.0]], "class_names": ["1", "1", "3", "4"], "scores": [0.9546285271644592, 0.9997631907463074, 0.9981321692466736, 0.9825419187545776]}