{"rois": [[120.0, 1003.0, 139.0, 1013.0], [120.0, 1013.0, 139.0, 1028.0], [409.0, 723.0, 425.0, 741.0], [389.0, 721.0, 406.0, 737.0], [214.0, 864.0, 231.0, 877.0]], "class_names": ["1", "3", "4", "7", "7"], "scores": [0.9997726082801819, 0.9659346342086792, 0.9824122786521912, 0.9266515970230103, 0.9366095662117004]}