{"rois": [[481.0, 267.0, 510.0, 279.0], [333.0, 444.0, 353.0, 457.0], [278.0, 938.0, 297.0, 949.0], [368.0, 867.0, 388.0, 878.0], [367.0, 880.0, 386.0, 892.0], [499.0, 934.0, 518.0, 947.0]], "class_names": ["1", "4", "1", "7", "7", "7"], "scores": [0.891200840473175, 0.9678307175636292, 0.9942014813423157, 0.9553838968276978, 0.9492983818054199, 0.9635615944862366]}