{"rois": [[564.0, 701.0, 614.0, 722.0], [566.0, 685.0, 611.0, 702.0], [297.0, 735.0, 337.0, 761.0]], "class_names": ["4", "1", "2"], "scores": [0.9998682737350464, 0.999549925327301, 0.9836185574531555]}