Wall time,Step,Value
1586694609.5915778,0,0.047161053866147995
1586694924.0547335,1,0.058419499546289444
1586695175.824532,2,0.050459545105695724
1586695428.013776,3,0.05995331332087517
1586695679.7694306,4,0.04602722451090813
