Wall time,Step,Value
1586694609.5915973,0,0.16556723415851593
1586694924.0547774,1,0.17235729098320007
1586695175.8245537,2,0.16882342100143433
1586695428.0138168,3,0.17930780351161957
1586695679.76947,4,0.1704138219356537
