Wall time,Step,Value
1586694609.5914104,0,0.7003129720687866
1586694924.0545459,1,0.6879444718360901
1586695175.824422,2,0.6849543452262878
1586695428.0135803,3,0.7239046692848206
1586695679.7692382,4,0.6955340504646301
