Wall time,Step,Value
1586650303.7602215,0,0.08166622370481491
1586655287.1215956,1,0.06043059006333351
1586660402.0017598,2,0.03738444671034813
1586665335.689624,3,0.04275523126125336
1586670265.095547,4,0.04927496984601021
