Wall time,Step,Value
1586650303.7599916,0,0.9669273495674133
1586655287.1211538,1,0.8746535181999207
1586660402.0016246,2,0.9110589027404785
1586665335.6895015,3,0.8270860910415649
1586670265.0954313,4,0.8215819597244263
