Wall time,Step,Value
1586650303.7602606,0,0.2280213087797165
1586655287.121641,1,0.21503564715385437
1586660402.0017831,2,0.21195060014724731
1586665335.6896458,3,0.2085990011692047
1586670265.0955696,4,0.2088633030653
