Wall time,Step,Value
1586697622.047766,0,0.17203092575073242
1586697931.7971423,1,0.17214509844779968
1586698184.9972632,2,0.1770908683538437
1586698438.4078653,3,0.17426320910453796
1586698691.3647614,4,0.1771441549062729
