Wall time,Step,Value
1586697622.0477242,0,0.042773231863975525
1586697931.7971003,1,0.051386233419179916
1586698184.9972205,2,0.05755135044455528
1586698438.4078224,3,0.052897050976753235
1586698691.3647165,4,0.0532611683011055
