Wall time,Step,Value
1586697622.0474653,0,0.6957023739814758
1586697931.7968986,1,0.7005116939544678
1586698184.9970243,2,0.7119975686073303
1586698438.4076154,3,0.6942711472511292
1586698691.3645248,4,0.7184529304504395
