Wall time,Step,Value
1586692714.651026,0,0.8191500306129456
1586693037.8011422,1,0.7464666962623596
1586693306.7331402,2,0.7093957662582397
1586693573.9323087,3,0.728000819683075
1586693841.7384953,4,0.6845300197601318
