Wall time,Step,Value
1586692714.6512475,0,0.09191946685314178
1586693037.8013356,1,0.06581813097000122
1586693306.7333446,2,0.06203862652182579
1586693573.9325187,3,0.07014088332653046
1586693841.7386532,4,0.05438374727964401
