Wall time,Step,Value
1586692714.6512907,0,0.19614282250404358
1586693037.8013756,1,0.17739789187908173
1586693306.733387,2,0.1676533967256546
1586693573.932565,3,0.178217351436615
1586693841.7386866,4,0.16197964549064636
